Title,Image,Hyperlink
"This is how I sit, deal with it",http://www.cutestpaw.com/wp-content/uploads/2016/01/s-This-is-how-I-sit-deal-with-it..jpg,http://www.cutestpaw.com/images/this-is-how-i-sit-deal-with-it-2/
Adventures with kitty,http://www.cutestpaw.com/wp-content/uploads/2016/01/s-Adventures-with-kitty..jpg,http://www.cutestpaw.com/images/adventures-with-kitty-2/
Tiny kitten,http://www.cutestpaw.com/wp-content/uploads/2016/01/s-Tiny-kitten.jpg,http://www.cutestpaw.com/images/tiny-kitten-2/
Kitty cuddles,http://www.cutestpaw.com/wp-content/uploads/2016/01/s-Kitty-cuddles..jpeg,http://www.cutestpaw.com/images/kitty-cuddles-80/
Kitty caller,http://www.cutestpaw.com/wp-content/uploads/2016/01/s-Kitty-caller..jpg,http://www.cutestpaw.com/images/kitty-caller/
Attack of the kitties!,http://www.cutestpaw.com/wp-content/uploads/2016/01/s-Attack-of-the-kitties.jpg,http://www.cutestpaw.com/images/attack-of-the-kitties/
Pumpkin,http://www.cutestpaw.com/wp-content/uploads/2016/01/s-Pumpkin..jpg,http://www.cutestpaw.com/images/pumpkin-16/
"A Cute Bulky, I Love. . .",http://www.cutestpaw.com/wp-content/uploads/2016/01/s-image24.jpg,http://www.cutestpaw.com/images/a-cute-bulky-i-love/
Cute kitten,http://www.cutestpaw.com/wp-content/uploads/2016/01/s-Cute-kitten..jpg,http://www.cutestpaw.com/images/cute-kitten-27/
Derpy cat,http://www.cutestpaw.com/wp-content/uploads/2016/01/s-Derpy-cat..jpg,http://www.cutestpaw.com/images/derpy-cat-4/
The kitty litter,http://www.cutestpaw.com/wp-content/uploads/2016/01/s-The-kitty-litter..jpg,http://www.cutestpaw.com/images/the-kitty-litter-2/
The triplets,http://www.cutestpaw.com/wp-content/uploads/2016/01/s-The-triplets..jpg,http://www.cutestpaw.com/images/the-triplets-2/
I smells da tunaz,http://www.cutestpaw.com/wp-content/uploads/2016/01/s-I-smells-da-tunaz....jpg,http://www.cutestpaw.com/images/i-smells-da-tunaz-2/
Wild cat,http://www.cutestpaw.com/wp-content/uploads/2016/01/s-Wild-cat..jpg,http://www.cutestpaw.com/images/wild-cat-2/
Mmmmm mysteriously delicious,http://www.cutestpaw.com/wp-content/uploads/2016/01/s-Mmmmm-mysteriously-delicious..jpg,http://www.cutestpaw.com/images/mmmmm-mysteriously-delicious-2/
"Please, don’t feed me to the dogs!",http://www.cutestpaw.com/wp-content/uploads/2016/01/s-Please-dont-feed-me-to-the-dogs.jpg,http://www.cutestpaw.com/images/please-dont-feed-me-to-the-dogs/
"Those beautiful, big eyes",http://www.cutestpaw.com/wp-content/uploads/2016/01/s-Those-beautiful-big-eyes..jpg,http://www.cutestpaw.com/images/those-beautiful-big-eyes-2/
Bored,http://www.cutestpaw.com/wp-content/uploads/2016/01/s-Bored..jpg,http://www.cutestpaw.com/images/bored-4/
Come here human,http://www.cutestpaw.com/wp-content/uploads/2016/01/s-Come-here-human..jpg,http://www.cutestpaw.com/images/come-here-human/
Chubby cheeks,http://www.cutestpaw.com/wp-content/uploads/2016/01/s-Chubby-cheeks..jpg,http://www.cutestpaw.com/images/chubby-cheeks-13/
Halp!,http://www.cutestpaw.com/wp-content/uploads/2016/01/s-Halp.jpeg,http://www.cutestpaw.com/images/halp-6/
King of the world,http://www.cutestpaw.com/wp-content/uploads/2016/01/s-image14.jpg,http://www.cutestpaw.com/images/king-of-the-world/
Curious cat,http://www.cutestpaw.com/wp-content/uploads/2016/01/s-Curious-cat..jpg,http://www.cutestpaw.com/images/curious-cat-50/
Kitty licks,http://www.cutestpaw.com/wp-content/uploads/2016/01/s-Kitty-licks..jpg,http://www.cutestpaw.com/images/kitty-licks-33/
Bucket full of cute,http://www.cutestpaw.com/wp-content/uploads/2016/01/s-Bucket-full-of-cute..jpg,http://www.cutestpaw.com/images/bucket-full-of-cute-4/
On alert,http://www.cutestpaw.com/wp-content/uploads/2016/01/s-On-alert..jpg,http://www.cutestpaw.com/images/on-alert-3/
OMGGs!,http://www.cutestpaw.com/wp-content/uploads/2016/01/s-OMGGs%281%29.jpg,http://www.cutestpaw.com/images/omggs-10/
Grow meow!,http://www.cutestpaw.com/wp-content/uploads/2016/01/s-Grow-meow.jpg,http://www.cutestpaw.com/images/grow-meow/
Take me with you,http://www.cutestpaw.com/wp-content/uploads/2016/01/s-Take-me-with-you.jpeg,http://www.cutestpaw.com/images/take-me-with-you-10/
"Gasp, for me",http://www.cutestpaw.com/wp-content/uploads/2016/01/s-Gasp-for-me.jpg,http://www.cutestpaw.com/images/gasp-for-me-4/
The artist,http://www.cutestpaw.com/wp-content/uploads/2016/01/s-The-artist.%281%29.jpg,http://www.cutestpaw.com/images/the-artist-6/
Apple sauce time!,http://www.cutestpaw.com/wp-content/uploads/2016/01/s-Apple-sauce-time.jpg,http://www.cutestpaw.com/images/apple-sauce-time-2/
The tiniest kitten,http://www.cutestpaw.com/wp-content/uploads/2016/01/s-The-tiniest-kitten..jpg,http://www.cutestpaw.com/images/the-tiniest-kitten-35/
I need a cat nap,http://www.cutestpaw.com/wp-content/uploads/2016/01/s-I-need-a-cat-nap....jpg,http://www.cutestpaw.com/images/i-need-a-cat-nap-4/
Ti Amo…looking grumpy…as always!,http://www.cutestpaw.com/wp-content/uploads/2016/01/s-Ti-Amo_0383.jpg,http://www.cutestpaw.com/images/ti-amo-looking-grumpy-as-always/
I sleep now,http://www.cutestpaw.com/wp-content/uploads/2016/01/s-I-sleep-now..jpg,http://www.cutestpaw.com/images/i-sleep-now-2/
Turtles!!!,http://www.cutestpaw.com/wp-content/uploads/2016/01/s-Turtles.jpg,http://www.cutestpaw.com/images/turtles-4/
Cat eyes,http://www.cutestpaw.com/wp-content/uploads/2016/01/s-Cat-eyes..jpg,http://www.cutestpaw.com/images/cat-eyes-58/
a cats,http://www.cutestpaw.com/wp-content/uploads/2016/01/s-a-cats.jpg,http://www.cutestpaw.com/images/a-cats-16/
5 cats cute,http://www.cutestpaw.com/wp-content/uploads/2016/01/s-5-cats-cute.jpg,http://www.cutestpaw.com/images/5-cats-cute/
99+ TUMBLR,http://www.cutestpaw.com/wp-content/uploads/2016/01/s-99-TUMBLR.jpg,http://www.cutestpaw.com/images/99-tumblr/
A cat cute,http://www.cutestpaw.com/wp-content/uploads/2016/01/s-A-cat-cute.jpg,http://www.cutestpaw.com/images/a-cat-cute/
beautiful belleza,http://www.cutestpaw.com/wp-content/uploads/2016/01/s-beautiful-belleza.jpg,http://www.cutestpaw.com/images/beautiful-belleza/
bed cat,http://www.cutestpaw.com/wp-content/uploads/2016/01/s-bed-cat.jpg,http://www.cutestpaw.com/images/bed-cat-2/
boy cat cute,http://www.cutestpaw.com/wp-content/uploads/2016/01/s-boy-cat-cute.jpg,http://www.cutestpaw.com/images/boy-cat-cute/
hi love,http://www.cutestpaw.com/wp-content/uploads/2016/01/s-hi-love.jpg,http://www.cutestpaw.com/images/hi-love-2/
adorable animal cat cute,http://www.cutestpaw.com/wp-content/uploads/2016/01/s-adorable-animal-cat-cute.jpg,http://www.cutestpaw.com/images/adorable-animal-cat-cute/
Blackwood,http://www.cutestpaw.com/wp-content/uploads/2016/01/s-Blackwood.jpg,http://www.cutestpaw.com/images/blackwood/
kitty,http://www.cutestpaw.com/wp-content/uploads/2016/01/s-kitty.jpg,http://www.cutestpaw.com/images/kitty-20/
cats,http://www.cutestpaw.com/wp-content/uploads/2016/01/s-cats.jpg,http://www.cutestpaw.com/images/cats-40/
